Year;Panel;theme;Person;Presentation
2021;civil society and external governance stakeholders;;Brenda Dvoskin;Our Last Best Hope: Civil Society Actors’ Participation in Content Governance
2021;civil society and external governance stakeholders;;Eugenia Siapera and Paloma Viejo-Otero;Content Moderation and External Stakeholders: Platform Governance and the Role of Experts
2021;civil society and external governance stakeholders;;Chris Tenove;When the Shoe is On the Other Foot: Content Moderation by Politicians
2021;civil society and external governance stakeholders;;Jeeyun (Sophia) Baik and Hamsini Sridharan;Civil Rights and Silicon Valley: Facebook and Airbnb Civil Rights Audits as a Co-regulatory Governance Framework?
2021;platform labour and governance in the gig economy;labour;Julian Posada;The Coloniality of Data Annotation Platforms
2021;platform labour and governance in the gig economy;labour;Shreeharsh Kelkar and Benjamin Shestakofsky;Making platforms work: relationship labor and the management of publics
2021;platform labour and governance in the gig economy;labour;Susanne Klausing;Governance Practices on Online Labour Platforms: A Comparative Case Study of Upwork and Fiverr
2021;platform labour and governance in the gig economy;labour;Dzifa Ametowobla and Stefan Kirchner;Does the macro-level matter? A comparative analysis of institutional frameworks and gigwork platforms across EU-28 countries
2021;comparative platform regulation ;regulation;Sacha Molitorisz, Derek Wilding and Karen Lee;The View from Australia: Lessons in How to Regulate Digital Platforms
2021;comparative platform regulation ;regulation;Jenny Domino;To De-Platform or Not? Platform Power and State Authority in Myanmar, US, and the Philippines
2021;comparative platform regulation ;regulation;Stephan Dreyer and Amélie Heldt;Needle versus Haystack: The Required Duality in Regulatory Platform Governance Approaches
2021;comparative platform regulation ;regulation;Maria Jose Schmidt-Kessen, Marta Cantero Gamito and Rafaela Nogueira;Studying the Effectiveness of Online Platforms’ Dispute Resolution Mechanisms
2021;comparative platform regulation ;regulation;Jonas Pentzien;Converging Distinctiveness? Towards a Conceptual Framework for Comparing Distinctive National Trajectories in Platform Regulation
2021;comparative platform regulation ;regulation;Simran Agarwal;State Interest in Content Moderation on Platforms in India
2021;comparative platform regulation ;regulation;Zahra Takhshid;Regulating Social Media in the Global South
2021;comparative platform regulation ;regulation;Martin Kretschmer, Ula Furgal and Philip Schlesinger;The emergence of platform regulation in the UK: an empirical-legal study
2021;under-studied platforms;;William Partin;Towards “Game Governance”: Community Moderation in Competitive Digital Games
2021;under-studied platforms;;Tarunima Prabhakar, Sandeep Mertia and Kruttika Nadig;Against Platform Universalism: A Case Study of Platform-Seeded Trends and Non/Algorithmic Paternalism from India
2021;under-studied platforms;;Lianrui Jia and Lotus Ruan;Exploring VPN apps: privacy protection, political economy and affordances
2021;under-studied platforms;;Mehitabel Glenhaber;“Totally Not Poggers, Twitch”: Modding and Moderating the PogChamp Emote
2021;content moderation and online communities;community-based moderation;Sarah Gilbert;Learning from Experience: How Community Moderation Can Inform Commercial Moderation
2021;content moderation and online communities;community-based moderation;Alice Marwick;Trust and Safety: The Emergence of a Discipline
2021;content moderation and online communities;community-based moderation;Hannah Bloch-Wehba;Content Moderation as Surveillance
2021;content moderation and online communities;community-based moderation;Justus Dreyling and John H. Weitzmann;Wikipedia and the Digital Services Act: The Challenges of Regulating Community-Governed Platforms
2021;critical theory;;Temi Lasade-Anderson;Tweets of Resistance: A Black Feminist Approach to Platform Governance
2021;critical theory;;Nathan Schneider;Governable spaces: a feminist architecture for platform policy
2021;critical theory;;Sarita Schoenebeck, Rahaf Alharbi, Jane Im, Marilyn Iriarte, Amna Batool, Gabriel Grill, Daricia Wilkinson, Eric Gilbert, Audrey Funwie and Mustafa Naseem;Repairing Online Harms: Assessing Punitive and Reparative Justice Approaches
2021;critical theory;;Katrin Tiidenberg, Susanna Paasonen and Jenny Sunden;Governing the margins? How European sexual social media platforms govern and assign meaning to content
2021;advertising and microtargeting;political economy;Kate Dommett, Sanne Kruikemeier, Rachel Gibson and Sophie Lecheler;The Positive Democratic Consequences of Political Microtargeting: Exploring the Implications for Platforms
2021;advertising and microtargeting;political economy;Steph Hill;Allies and Activists: Advertising Intermediaries in Facebook Content Moderation Governance
2021;advertising and microtargeting;political economy;Paddy Leerssen and Tom Dobber;News from the Ad Library: how journalists use public advertising disclosures to hold Facebook advertising accountable
2021;advertising and microtargeting;political economy;Sam Andrey, Sam Jeffers, Karim Bardeesy and Clifton van der Linden;Regulating Digital Election Advertisements in Canada: Political Targeting on Facebook in the 2019 Canadian Federal Election
2021;empirical methods;methods;Martin Fertmann and Matthias C. Kettemann;Leveraging Network Effects: Fast-Tracked Global Platform Research as a Solution for Platform Governance Whac-A-Mole?
2021;empirical methods;methods;Jef Ausloos;Transparency Rules and Data Rights for Platform Research
2021;empirical methods;methods;Elizabeth Meehan, Rebekah Tromble and Claes de Vreese;Beyond Algorithmic Auditing: The Need for Independent Policy and Data Pipeline Audits as Mechanisms for Platform Accountability
2021;empirical methods;methods;Angela Xiao Wu;Repurposing Platform Trace Data for (Transnational) Academic Social Science
2021;governing toxicity;content governance;Kaiping Chen and Lindsey Middleton;Policing or Pandering Misinformation: A Cross-Platform Moderation Policy Analysis
2021;governing toxicity;content governance;Bharath Ganesh;Platform Racism and the Governance of Right-Wing Extremism
2021;governing toxicity;content governance;Anna Reepschlager and Elizabeth Dubois;How Harassment and Hate Speech Policies Have Evolved Over Time: Comparing Facebook, Twitter and Reddit
2021;governing toxicity;content governance;Julia R. DeCook, Kelley Cotter and Shaheen Kanthawala;Safe From “Harm”: The Governance of Violence by Platforms
2021;platform governance with Chinese characteristics;global platform governance;Sruthi Kalyani A;If the Heaven is High, Can the Emperor be Far Away? – Platform Affordances, Immunity, and State Control with Chinese Characteristics
2021;platform governance with Chinese characteristics;global platform governance;Yidong Wang;Platform Regulation of Sex and Desire: Content Ecology of Queer Media in China
2021;platform governance with Chinese characteristics;global platform governance;Fan Yang;Censorship and Content Moderation in Layers: Investigating Chinese-Australian Media Worker Practices on News-Focused WeChat Official Accounts
2021;platform governance with Chinese characteristics;global platform governance;Angela Zhang;Decentralizing Platform Governance: Lawlessness, Fraud and Innovation
2023;regulated platform work;labour;Soujanya Sridharan and Gautam Misra;Alternate Mechanisms for Labour Organisation and Collective Bargaining in the Gig Economy
2023;regulated platform work;labour;Anushka Mittal;Working in the Shadow of the Platform and the Law
2023;regulated platform work;labour;Luis Hernando Lozano Paredes;Recognising Alternative Platform Governance and Emergent Design: the Case of Drivers Club Bogotá
2023;business models;political economy;Rachel Griffin;From Brand Safety to Suitability: Advertisers in Social Media Governance
2023;business models;political economy;Jake Goldenfein and Lee McGuigan;Managed Sovereigns: How Inconsistent Accounts of the Human Rationalize Platform Advertising
2023;business models;political economy;Alex Rochefort and Nathalie Maréchal;Platform Governance by Civil Society: the Call for an Accountable Business Model
2023;media and platform policy;policy;Brenda Dvoskin;Media Giants, the Public Interest, and Civil Society
2023;media and platform policy;policy;Sacha Molitorisz and Michael Davis;An Opaque and Qualified Success: a Review of Australia’s World-First News Media Bargaining Code
2023;media and platform policy;policy;Angela Xiao Wu;On Infrastructural Monopoly: From China’s Media Reform to Chinese Platform Governance
2023;justice in platform governance;regulation;Amy Hasinoff;A Restorative and Transformative Justice Model for Platform Governance: the Case of Image-based Sexual Abuse
2023;justice in platform governance;regulation;Moritz Schramm;Emulated Guardians — Can the Oversight Board and the DSA’s Out-of-Court Dispute Settlement Bodies Control Platform Power?
2023;justice in platform governance;regulation;Carolina Are;Dysfunctional’ Appeals and Failures of Algorithmic Justice in Instagram and TikTok Content Moderation
2023;empirical research;methods;Jef Ausloos, Pierre Dewitte and Cristiana Teixeira Santos;The Operationalisation of Data Access Rights in Platform Governance: Data Protection Rights as a Cautionary Tale
2023;empirical research;methods;Tyler Quick;Marxian Political Economy and Qualitative Platform Study
2023;empirical research;methods;Charlotte Spencer-Smith;Algorithmic Reach Reduction: Platform Accounts of Motivations, Implementation, and Effects
2023;empirical research;methods;Rohan Grover;The Epistemic Potential of Data Protection Datasets
2023;infrastructures;;Charis Papaevangelou and Eugenia Siapera;Big Tech’s Infrastructural Expansion and Digital Colonialism in “Greece 2.0”
2023;infrastructures;;Azadeh Akbari and David Murakami Wood;Authoritarian Smart Cities: Platforms, Governance and Total Urban Surveillance
2023;infrastructures;;Emily West;Platform Governance and the Climate
2023;infrastructures;;Susanne Lloyd-Jones;Regulating cloud platforms as critical infrastructure — An Australian Perspective
2023;cultural production;;Daria Deragcheva, Christian Katzenbach and Paloma Viejo Otero;Social Media Creators’ Perspective on Copyright Content Moderation in the EU
2023;cultural production;;Sarah E.K. Smith and Bethany Berard;Accessing Culture: Grappling with Governance and Content Moderation on Google Arts and Culture
2023;cultural production;;Louisa Bartolo;How does Amazon Curate History — and How Should It? Algorithmic Contests over the Past on the World’s Largest Bookstore’
2023;cultural production;;Gonzalo Bustos, Sebastián Cabello, Pilar Huppi Lo Prete, and Carla Gebetsberger;Strategies of Production and Monetization in the content Creator’s Ecosystem: Self-branding and IP-development Dynamics in Argentina
2023;legal theory;theory;Artur Pericles Lima Monteiro;Content Moderation Federalism (not Confederalism)
2023;legal theory;theory;Divij Joshi;Making Them Dance for their Immunity — the (F)utility of Platform Regulation Through Conditional Immunity
2023;legal theory;theory;Laura Aade;To Ban or Not to Ban? Understanding Platform Discretion in Content Moderation in the Context of Private Governance
2023;legal theory;theory;Hesam Nourooz Pour;Judicial Challenging of Social Media Platforms’ Punitive Power: Private Shopping Mall or Public Square?
2023;core concepts;theory;Daniel Susser;Exploitation and Platform Power
2023;core concepts;theory;Paddy Leerssen;Outside the (Black) Box: From Algorithmic Transparency to Platform Observability in Social Media Regulation
2023;core concepts;theory;Shivani Salunke;Exploring the Notion of “Trust” in the Regulation of Platforms, Technology, and Privacy
2023;core concepts;theory;Anna Gibson, Niall Docherty and Tarleton Gillespie;Health and Toxicity in Content Moderation: The Discursive Work of Justification
2023;health and sexuality;;Faheem Muhammed Mp and Musthafa Mubashir;Rethinking Platform Governance in India: Rulemaking and Norm-Setting in Aarogya Setu
2023;health and sexuality;;Lisa Garwood-Cross and Ben Light;Sexual Content? Sex Education in the Crossfire of Social Media Platform Governance
2023;health and sexuality;;Martin Johannes Riedl, Zelly Martin, and Samuel Woolley;“I Think Our system is Very Skewed When it Comes to Censorship”: Pro- and Anti-abortion Rights Activists’ Imaginaries of Platform Governance
2023;health and sexuality;;Lucinda Nelson and Nicolas Suzor;Moderating Misogyny: Bridging the Gap Between Feminist Theory and the Policies and Practices of Social Media Platforms
2023;AI & platform governance;AI governance;Gabriel Nicholas;Hate, in a Thousand Languages: Evaluating Social Media Companies’ Claims About the Multilinguality of Large Language Models
2023;AI & platform governance;AI governance;Tobias Eberwein, Krisztina Rozgonyi, and Florian Saurwein;From Liability to Responsibility and Risk Management: Public Discourses on AI and Algorithmic Platform Governance
2023;AI & platform governance;AI governance;Renana Keydar, Noa Mor, Yuval Shany, and Omri Abend;Too Good To Be Rule: AI’s Transformative Impact on Content Moderation Regulation in the Mirror of the Rules/Standards Distinction
2023;understanding platformed work;labour;Julian Posada;Navigating Digital Currencies: The Experiences of Latin American Workers with Digital Currency
2023;understanding platformed work;labour;Giulia Varaschin, Jonas Valente and Alessio Bertolini, Balaji Parthasarathy, Amela Kurta, Mark Graham and Adam Badger, Pablo Aguera Reneses;Asset-light for Whom? Economic Governance of Digital Labour Platforms and Its Effects on Working Conditions
2023;understanding platformed work;labour;Atieh Razavi Yekta;The Platform Economy’s Worker Classification Dilemma
2023;content governance;content governance;Catalina Goanta, Giovanni De Gregorio and Mateusz Grochowski;One Law to Rule Them All: Comparing Terms of Service on Social Media Platforms Across Regulatory Spaces
2023;content governance;content governance;Dennis Redeker;What Do Users Think About Platform Content Moderation? Empirical Evidence about Trust in “Alternative Governors” of Online Speech
2023;content governance;content governance;Fan Yang;The Patchwork of Platform Governance: WeChat as a Case Study
2023;content governance;content governance;Kyooeun Jang;Trust and Safety…for Whom? Interrogating the Homogenization of Content Governance in the Metaverse
2023;ruling the fediverse;the fediverse;Darius Kazemi;Where “Platform” Fails Us: New Approaches to the Study of the Fediverse
2023;ruling the fediverse;the fediverse;Patricia Aufderheide and Adrienne Massanari, Robert Gehl and Aram Sinnreich;Fool Me Twice: (How) Can We Prevent the Fediverse From Sucking?
2023;ruling the fediverse;the fediverse;Shagun Jhaver, Seth Frey and Amy Zhang;Decentralizing Platform Power: a Design Space of Multi-level Governance in Online Social Platforms
2025;authority and accountability;regulation;Matheus Luiz Franco Guedes da Silva;Infrastructure Politics and Delegated Regulation: Platform Governance and the Erosion of Democratic Accountability
2025;authority and accountability;;Elizabeth Farries and Eugenia Siapera;Intermediary platform safety mechanisms: The new regulatory actors tasked with realising the Digital Services Act
2025;authority and accountability;;Simran Agarwal and Diyi Liu;Theorising Governance Through Platforms: Recentering the Role of the State
2025;authority and accountability;;Danielle Flonk and Kevin Garvey;Alignment of digital platforms:  How users, sponsors, and governments bring about design change
2025;new objects of moderation;content governance;Natalia Stanusch, Martin Degeling, Salvatore Romano, Raziye Buse Çetin, Miazia Schüler and Silvia Semenzin;Prompt, Upload, Repeat: The Clutched Entanglement of Platform Economy and Governance in the Face of Agentic AI Accounts
2025;new objects of moderation;content governance;Christian Katzenbach, Kim Ermler and Luisa Runge;Content Moderation, Next Level? Emergence of Platform Governance from Social Media to Generative AI
2025;new objects of moderation;content governance;Irma Garnesia and Ross Tapsell;The True Cost of Gendered Disinformation: How Platform Governance Enables Online Gender-Based Violence in Indonesia
2025;new objects of moderation;content governance;Jeffrey Howard, Conor Sanchez;Beyond Content-Based Enforcement
2025;AI governance;AI governance;Charlotte Spencer-Smith, Ricarda Drüeke and Corinna Peil;Governing Discourse: Gender, Alignment and the Normativity of Generative AI
2025;AI governance;AI governance;Joscha Abels and Silvia Weko;The iron law of tech oligarchy: Technological capital and infrastructural power in the cloud and AI-defense sector
2025;AI governance;AI governance;Kelsey Cameron;"""Policing Platform Governance: The Rise and Fall of Axon’s AI Ethics Board"""
2025;AI governance;AI governance;Noa Mor;Governing Publicly Available Information within Social Media Ecosystems
2025;platform labor and political economy;labour;Rohan Grover;The Industrialization of Platform Governance
2025;platform labor and political economy;labour;Özgür Yılmaz;Clientelism and Digital Subcontracting in Platform Governance: Paid Subscribers as Intermediaries in the New Political Economy of Streaming
2025;platform labor and political economy;labour;Sohini Banerjee;Governing Domestic Work by Design: Interface Logics, Algorithmic Management, and Worker Agency in India’s Maid-on-Demand Platforms
2025;platform labor and political economy;labour;Manuel Tonneau, Diyi Liu, Ryan McGrady, Kevin Zheng, Ralph Schroeder, Ethan Zuckerman and Scott Hale;Language Disparities in Moderation Workforce Allocation by Social Media Platforms
2025;the discourse of platform governance;discourse analysis;Rebecca Scharlach;Between Bright Futures and Regulatory Oversight: Techno-Optimism in European AI Governance
2025;the discourse of platform governance;discourse analysis;Christian Schwieter and Mathilda Åkerlund;Between Free Speech and Digital Sovereignty: A Comparison of European Far-Right Party Discourse on Online Harms and Social Media Regulation
2025;the discourse of platform governance;discourse analysis;Jens Pohlmann, Caio Mello and Karin León Henneberg;NetzDG on Twitter: A Social Network Analysis of Stakeholders in Public Discourse about Platform Regulation in Germany
2025;the discourse of platform governance;discourse analysis;Vainius Indilas;Evolving Frames in EU Platform Governance: A Temporal Analysis of European Parliament Discourse (2006–2025)
2025;politics and conflicts;;Leeam Azoulay;Facebook content governance and integrity work during the conflict in Ethiopia
2025;politics and conflicts;;Tom Divon and Yarden Skop;Governance Absence as Affordance of Resistance: Palestine, Ukraine, and Warzone Visibility
2025;politics and conflicts;;Nicholas John, Blake Hallinan, Tommaso Trilló, Omer Rothenstein, Noa Niv and Dana Theiler;Coordinated reporting and the question of harm
2025;politics and conflicts;;Chris Tenove and Heidi Tworek;Platform Governance to Protect Elections: A Cross-National Comparison
2025;the politics of big tech;;Gabriel Ernesto Melian Pérez;Independent Governance in the Digital Age: The Potential of Social Media Councils in the Face of Authoritarian Regimes
2025;the politics of big tech;;Mai Van Tran, Tom Willaert, Lewis Young and Haymarn Soe Nyunt;How Big Tech Reward Authoritarian Actors’ Algorithmic Adaptations: A Mixed Methods Analysis of Myanmar Social Media
2025;the politics of big tech;;Yasmin Curzi and Jess Reia;Bargaining Rights: Mapping the Advancement of a Neoconservative Agenda in Platform Governance
2025;the politics of big tech;;Juan Ortiz Freuler;Infrastructural Sovereignty and the New Geography of Media Dependency: A Digital Infrastructure Analysis of Latin American News Ecosystems
2025;beyond content governance;content governance;Dennis Redeker, Nikolas Pfannenschmidt, Manuel Baron Romero, Gabriel Durán and Ana Sofie Villa Hernandez;Trust and Safety in Social XR: Mapping the Spatial Turn in Content Moderation
2025;beyond content governance;content governance;Phylicia Babb, Stratos Baloutsos, Ariana Polyviou and Polyxeni Vassilakopoulou;Metaverse Governance and Compliance for Public Sector Participation
2025;beyond content governance;content governance;Leo Cao;From platform governance to institutional practice: experimentation, misalignment, and contingent adoption of Google Arts & Culture
2025;beyond content governance;content governance;Taylor Annabell, Thales Bertaglia and Catalina Goanta;Recommending search & search recommendations: Governance of search products on social media platforms
2025;auditing the DSA;regulation;Felix Blommaert;An architectural flaw? Uncovering the DSA’s unstable legitimacy foundation
2025;auditing the DSA;regulation;John Albert;What Are DSA Audits Good For? Lessons From the First Cycle of Article 37 Reports
2025;auditing the DSA;regulation;Bruno Mattos, Débora Salles and R. Marie Santini;Regulating Platform Opacity: Assessing Content Moderation Transparency Through Voluntary and DSA-Mandated Reports
2025;auditing the DSA;regulation;Eline L. Leijten;Treasure trove or castle in the sky? A critical assessment of the DSA Transparency Database and its effectiveness in enabling scrutiny over content moderation decisions
2025;global content moderation;global platform governance;Volha Kananovich, Javie Ssozi, Brian Ekdale, Katy Biddle, Sang Jung Kim, Ryan Stoldt and Raven Maragh-Lloyd;“Someone Has To Keep Track of All This”:  Comparing Audience Perceptions of Platform Governance Strategies in the United States, Ukraine, and Kenya
2025;global content moderation;global platform governance;Mona Elswah, Aliya Bhatia and Dhanaraj Thakur;Tech Companies and Content Moderation: A Comparative Case Study Analysis of Four Languages in the Global Majority
2025;global content moderation;global platform governance;Julian Posada, Paola Tubaro and Maicol Quijano;How do platforms pay data workers? Insights from Remotasks Plus Venezuela
2025;global content moderation;global platform governance;Manuel Tonneau, Dylan Thurgood, Diyi Liu, Manoel Horta Ribeiro and Paul Röttger;Assessing global hate speech moderation on Twitter
2025;platform dependencies;;Kilian Buehling, Joana D. Becker, Annett Heft and Xixuan Zhang;The trade-offs and consequences of banning hyperpartisan media across platforms – A supply and demand perspective
2025;platform dependencies;;Martin Riedl;“Technological Modernization:” How the U.S. Federal Election Commission established political influencers on social media as a campaign tool
2025;platform dependencies;;Ville Aula;Why did the EU legislate on trusted flaggers? Explaining government policy change and adoption of new policy instruments in platform governance
2025;platform dependencies;;Moritz Schramm;Governance By Emulation: The Oversight Board, the Digital Services Act, and the Struggle for Platform Accountability
2025;prosocial moderation;;Lena Slachmuijlder;Prosocial Tech Design Regulation: A Practical Guide
2025;prosocial moderation;;Himanshu Panday and Hameeda Syed;Bunk With Kindness: Prosocial Platform Governance for Misinformation in Polarized Contexts
2025;prosocial moderation;;Abhishek Ray and Cesar Martinelli;On the Mediating Role of Two-Sided Platforms
2025;prosocial moderation;;Soham De, Ariel Procaccia, Max Nickel and Smitha Milli;Sortition for Platform Governance
2025;sovereignty and platform power;sovereignty;Juan Ortiz Freuler;Platform power and the return of the peripheries: Latin America’s non-aligned path to digital autonomy
2025;sovereignty and platform power;sovereignty;Vincent Obia;Mapping A Research Agenda for Digital Media Regulation in Africa: A Systematic Analysis
2025;sovereignty and platform power;sovereignty;Yasmin Curzi and André Ramiro;Technogeopolitics of extremism: Platforms’ regulation in Brazil and the sovereignty of democratic public institutions
2025;sovereignty and platform power;sovereignty;Silvia A. Carretta and Emmanuel Vargas Penagos;From Brussels to Bogotà: A Comparative Study of Digital Gender-Based Violence Regulations in the EU and Colombia
2025;governmentality;;Julian Morgan;Platform Governmentality: At the Boundaries of Imaginable Futures
2025;governmentality;;Blue Miaoran Dong;Branding Private Interests as Public Good: Facebook and Google’s Three Phase Evolution
2025;governmentality;;Pawel Popiel and Yoonmo Sang;Platform Governance as a Communicative Process
2025;governmentality;;Rianne Riemens and José van Dijck;Big Tech’s AI Discourse and the Reconfiguration of Climate Debates in the US and EU
2025;public service (social) media;;Aina Errando and Heritiana Ranaivoson;Regulating the News(rooms): Between AI Policies and Editorial Realities in Europe
2025;public service (social) media;;Joan Pla;Decentralised Social Media Initiatives within European Public Service Media: Towards a Public Service Social Media?
2025;public service (social) media;;Christine Galvagna;Public service social media: Public funding for decentralized social networks
2025;public service (social) media;;Zarine Kharazian and Benjamin Mako Hill;The Contested Commons: Governing Knowledge Commons Under Attack
2025;community-driven governance;community-based moderation;CJ Reynolds;The Twitch Court of Appeals: Unban Request Streams and the Public Adjudication of Community Moderation
2025;community-driven governance;community-based moderation;Esteban Morales and João Magalhaes;Bottom-up moderation as ideological protest: Making sense of Redditors' ban of X links after Musk’s “Nazi salute”
2025;community-driven governance;community-based moderation;Renee DiResta and Chirag Pandanda;Building the Middleware Marketplace: Custom Feeds and Community Labelers in Bluesky's Subscribable Governance
2025;community-driven governance;community-based moderation;Anas Buhayh, Joshua Paup, Andrew Nordstrom and Robin Burke;Toward Democratic Algorithmic Governance in Federated Social Media